id,given_name,family_name,mnis_id,label
1,Stephen,Kinnock,4359,"Kinnock, Stephen"
2,Guto,Bebb,3910,"Bebb, Guto"
3,Kirsty,Blackman,4357,"Blackman, Kirsty"
4,Ross,Thomson,4599,"Thomson, Ross"
5,Anne,Begg,572,"Begg, Anne"
6,Callum,McCaig,4364,"McCaig, Callum"
7,Pamela,Nash,3909,"Nash, Pamela"
8,Neil,Gray,4365,"Gray, Neil"
9,Gerald,Howarth,47,"Howarth, Gerald"
10,Wendy,Morton,4358,"Morton, Wendy"
11,Graham,Brady,435,"Brady, Graham"
12,Mark,Tami,1383,"Tami, Mark"
13,Nigel,Mills,4136,"Mills, Nigel"
14,Mike,Weir,1384,"Weir, Mike"
15,Hywel,Williams,1397,"Williams, Hywel"
16,Alan,Reid,1385,"Reid, Alan"
17,Brendan,O'Hara,4371,"O'Hara, Brendan"
18,Nick,Herbert,1479,"Herbert, Nick"
19,Gloria,De Piero,3915,"De Piero, Gloria"
20,Damian,Green,76,"Green, Damian"
21,Angela,Rayner,4356,"Rayner, Angela"
22,David,Lidington,15,"Lidington, David"
23,Sandra,Osborne,576,"Osborne, Sandra"
24,Corri,Wilson,4448,"Wilson, Corri"
25,Victoria,Prentis,4401,"Prentis, Victoria"
26,Eilidh,Whiteford,3911,"Whiteford, Eilidh"
27,Margaret,Hodge,140,"Hodge, Margaret"
28,Dan,Jarvis,4243,"Jarvis, Dan"
29,Michael,Dugher,3916,"Dugher, Michael"
30,Simon,Fell,4744,"Fell, Simon"
31,John,Woodcock,3917,"Woodcock, John"
32,John,Baron,1390,"Baron, John"
33,Maria,Miller,1480,"Miller, Maria"
34,John,Mann,1387,"Mann, John"
35,Ben,Howlett,4445,"Howlett, Ben"
36,Jo,Cox,4375,"Cox, Jo"
37,Jane,Ellison,3918,"Ellison, Jane"
38,Dominic,Grieve,16,"Grieve, Dominic"
39,Bob,Stewart,3919,"Stewart, Bob"
40,Richard,Fuller,3912,"Fuller, Richard"
41,Patrick,Hall,1,"Hall, Patrick"
42,Naomi,Long,3920,"Long, Naomi"
43,Gavin,Robinson,4360,"Robinson, Gavin"
44,Nigel,Dodds,1388,"Dodds, Nigel"
45,Alasdair,McDonnell,1596,"McDonnell, Alasdair"
46,Paul,Maskey,4245,"Maskey, Paul"
47,Neil,Coyle,4368,"Coyle, Neil"
48,Simon,Hughes,194,"Hughes, Simon"
49,John,Lamont,4608,"Lamont, John"
50,Michael,Moore,638,"Moore, Michael"
51,Calum,Kerr,4379,"Kerr, Calum"
52,Anne-Marie,Trevelyan,4531,"Trevelyan, Anne-Marie"
53,Rushanara,Ali,4138,"Ali, Rushanara"
54,Graham,Stuart,1482,"Stuart, Graham"
55,Huw,Merriman,4442,"Merriman, Huw"
56,David,Evennett,1198,"Evennett, David"
57,Frank,Field,478,"Field, Frank"
58,Gisela,Stuart,296,"Stuart, Gisela"
59,Jack,Dromey,3913,"Dromey, Jack"
60,Roger,Godsiff,304,"Godsiff, Roger"
61,Kieran,Mullan,4860,"Mullan, Kieran"
62,Liam,Byrne,1171,"Byrne, Liam"
63,Shabana,Mahmood,3914,"Mahmood, Shabana"
64,Rachel,Maclean,4668,"Maclean, Rachel"
65,Richard,Burden,301,"Burden, Richard"
66,Khalid,Mahmood,1392,"Mahmood, Khalid"
67,Stephen,McCabe,298,"McCabe, Stephen"
68,Jess,Phillips,4370,"Phillips, Jess"
69,John,Hemming,1483,"Hemming, John"
70,Helen,Goodman,1484,"Goodman, Helen"
71,Kate,Hollern,4363,"Hollern, Kate"
72,David,Jones,1502,"Jones, David"
73,Graham,Stringer,449,"Stringer, Graham"
74,Paul,Maynard,3926,"Maynard, Paul"
75,Gordon,Marsden,465,"Marsden, Gordon"
76,Nick,Smith,3928,"Smith, Nick"
77,David,Anderson,1486,"Anderson, David"
78,Ronnie,Campbell,514,"Campbell, Ronnie"
79,Nick,Gibb,111,"Gibb, Nick"
80,Graham,Jones,3999,"Jones, Graham"
81,Dennis,Skinner,325,"Skinner, Dennis"
82,James,Daly,4854,"Daly, James"
83,David,Crausby,437,"Crausby, David"
84,Yasmin,Qureshi,3924,"Qureshi, Yasmin"
85,Chris,Green,4398,"Green, Chris"
86,Julie,Hilling,3925,"Hilling, Julie"
87,Peter,Dowd,4397,"Dowd, Peter"
88,Matt,Warman,4361,"Warman, Matt"
89,David,Tredinnick,335,"Tredinnick, David"
90,Tobias,Ellwood,1487,"Ellwood, Tobias"
91,Conor,Burns,3922,"Burns, Conor"
92,Phillip,Lee,3921,"Lee, Phillip"
93,Imran,Hussain,4394,"Hussain, Imran"
94,David,Ward,3923,"Ward, David"
95,Judith,Cummins,4391,"Cummins, Judith"
96,Naz,Shah,4409,"Shah, Naz"
97,George,Galloway,609,"Galloway, George"
98,James,Cleverly,4366,"Cleverly, James"
99,Chris,Davies,4376,"Davies, Chris"
100,Roger,Williams,1394,"Williams, Roger"
101,Dawn,Butler,1489,"Butler, Dawn"
102,Barry,Gardiner,146,"Gardiner, Barry"
103,Mary,MacLeod,3927,"MacLeod, Mary"
104,Ruth,Cadbury,4389,"Cadbury, Ruth"
105,Eric,Pickles,33,"Pickles, Eric"
106,Madeleine,Moon,1490,"Moon, Madeleine"
107,Ian,Liddell-Grainger,1396,"Liddell-Grainger, Ian"
108,Andrew,Percy,3939,"Percy, Andrew"
109,Simon,Kirby,3929,"Kirby, Simon"
110,Caroline,Lucas,3930,"Lucas, Caroline"
111,Theo,Clarke,4819,"Clarke, Theo"
112,Kerry,McCarthy,1491,"McCarthy, Kerry"
113,Charlotte,Leslie,3933,"Leslie, Charlotte"
114,Darren,Jones,4621,"Jones, Darren"
115,Karin,Smyth,4444,"Smyth, Karin"
116,Thangam,Debbonaire,4433,"Debbonaire, Thangam"
117,Stephen,Williams,1492,"Williams, Stephen"
118,Keith,Simpson,126,"Simpson, Keith"
119,Robert,Neill,1601,"Neill, Robert"
120,Sajid,Javid,3945,"Javid, Sajid"
121,Charles,Walker,1493,"Walker, Charles"
122,Anna,Soubry,3938,"Soubry, Anna"
123,Nick,Palmer,359,"Palmer, Nick"
124,John,Bercow,17,"Bercow, John"
125,Julie,Cooper,4405,"Cooper, Julie"
126,Gordon,Birtwistle,3946,"Birtwistle, Gordon"
127,Andrew,Griffiths,3936,"Griffiths, Andrew"
128,David,Nuttall,4140,"Nuttall, David"
129,James,Frith,4637,"Frith, James"
130,Ivan,Lewis,441,"Lewis, Ivan"
131,Jo,Churchill,4380,"Churchill, Jo"
132,Leo,Docherty,4600,"Docherty, Leo"
133,Wayne,David,1398,"David, Wayne"
134,John,Thurso,1399,"Thurso, John"
135,Paul,Monaghan,4383,"Monaghan, Paul"
136,Craig,Whittaker,3940,"Whittaker, Craig"
137,Harriet,Harman,150,"Harman, Harriet"
138,George,Eustice,3934,"Eustice, George"
139,Julia,Goldsworthy,1519,"Goldsworthy, Julia"
140,Daniel,Zeichner,4382,"Zeichner, Daniel"
141,Julian,Huppert,3931,"Huppert, Julian"
142,Amanda,Milling,4454,"Milling, Amanda"
143,Julian,Brazier,77,"Brazier, Julian"
144,Jo,Stevens,4425,"Stevens, Jo"
145,Jenny,Willott,1497,"Willott, Jenny"
146,Craig,Williams,4438,"Williams, Craig"
147,Stephen,Doughty,4264,"Doughty, Stephen"
148,Kevin,Brennan,1400,"Brennan, Kevin"
149,Helen,Jones,432,"Jones, Helen"
150,John,Stevenson,3942,"Stevenson, John"
151,Jonathan,Edwards,3943,"Edwards, Jonathan"
152,Simon,Hart,3944,"Hart, Simon"
153,Tom,Brake,151,"Brake, Tom"
154,Rebecca,Harris,3948,"Harris, Rebecca"
155,Brian,Donohoe,586,"Donohoe, Brian"
156,Philippa,Whitford,4385,"Whitford, Philippa"
157,Mel,Stride,3935,"Stride, Mel"
158,Daniel,Poulter,3932,"Poulter, Daniel"
159,Mark,Williams,1498,"Williams, Mark"
160,Edward,Argar,4362,"Argar, Edward"
161,Tracey,Crouch,3950,"Crouch, Tracey"
162,Mary,Robinson,4406,"Robinson, Mary"
163,Mark,Hunter,1598,"Hunter, Mark"
164,Simon,Burns,46,"Burns, Simon"
165,Greg,Hands,1526,"Hands, Greg"
166,Alex,Chalk,4481,"Chalk, Alex"
167,Martin,Horwood,1499,"Horwood, Martin"
168,Cheryl,Gillan,18,"Gillan, Cheryl"
169,Toby,Perkins,3952,"Perkins, Toby"
170,Andrew,Tyrie,112,"Tyrie, Andrew"
171,Andrew,Smith,95,"Smith, Andrew"
172,Iain,Duncan Smith,152,"Duncan Smith, Iain"
173,Michelle,Donelan,4530,"Donelan, Michelle"
174,Duncan,Hames,3951,"Hames, Duncan"
175,Theresa,Villiers,1500,"Villiers, Theresa"
176,Lindsay,Hoyle,467,"Hoyle, Lindsay"
177,Christopher,Chope,242,"Chope, Christopher"
178,Mark,Field,1405,"Field, Mark"
179,Stephen,Mosley,3954,"Mosley, Stephen"
180,Chris,Matheson,4408,"Matheson, Chris"
181,Roberta,Blackman-Woods,1501,"Blackman-Woods, Roberta"
182,Giles,Watling,4677,"Watling, Giles"
183,Douglas,Carswell,1527,"Carswell, Douglas"
184,Martin,Vickers,3957,"Vickers, Martin"
185,Susan Elan,Jones,3956,"Jones, Susan Elan"
186,Gareth,Thomas,532,"Thomas, Gareth"
187,Tom,Clarke,583,"Clarke, Tom"
188,Phil,Boswell,4388,"Boswell, Phil"
189,Will,Quince,4423,"Quince, Will"
190,Bob,Russell,35,"Russell, Bob"
191,Jason,McCartney,3953,"McCartney, Jason"
192,Fiona,Bruce,3958,"Bruce, Fiona"
193,Jamie,Reed,1503,"Reed, Jamie"
194,Tom,Pursglove,4369,"Pursglove, Tom"
195,Andy,Sawford,4265,"Sawford, Andy"
196,Colleen,Fletcher,4378,"Fletcher, Colleen"
197,Geoffrey,Robinson,307,"Robinson, Geoffrey"
198,Dave,Nellist,1199,"Nellist, Dave"
199,Jim,Cunningham,308,"Cunningham, Jim"
200,Henry,Smith,3960,"Smith, Henry"
201,Edward,Timpson,1605,"Timpson, Edward"
202,Gavin,Barwell,3955,"Barwell, Gavin"
203,Sarah,Jones,4631,"Jones, Sarah"
204,Steve,Reed,4268,"Reed, Steve"
205,Chris,Philp,4503,"Philp, Chris"
206,Gregg,McClymont,3949,"McClymont, Gregg"
207,Stuart,McDonald,4393,"McDonald, Stuart"
208,Ann,Clwyd,553,"Clwyd, Ann"
209,Julie,Marson,4768,"Marson, Julie"
210,Jon,Cruddas,1406,"Cruddas, Jon"
211,Jenny,Chapman,3972,"Chapman, Jenny"
212,Gareth,Johnson,3970,"Johnson, Gareth"
213,Chris,Heaton-Harris,3977,"Heaton-Harris, Chris"
214,David,Hanson,533,"Hanson, David"
215,Andrew,Gwynne,1506,"Gwynne, Andrew"
216,Amanda,Solloway,4372,"Solloway, Amanda"
217,Chris,Williamson,3976,"Williamson, Chris"
218,Margaret,Beckett,328,"Beckett, Margaret"
219,Patrick,McLoughlin,333,"McLoughlin, Patrick"
220,Claire,Perry,3974,"Perry, Claire"
221,Simon,Reevell,3978,"Reevell, Simon"
222,Paula,Sherriff,4426,"Sherriff, Paula"
223,Caroline,Flint,389,"Flint, Caroline"
224,Rosie,Winterton,390,"Winterton, Rosie"
225,Mark,Fletcher,4774,"Fletcher, Mark"
226,Edward,Miliband,1510,"Miliband, Edward"
227,Charlie,Elphicke,3971,"Elphicke, Charlie"
228,Ian,Austin,1511,"Austin, Ian"
229,Mike,Wood,4384,"Wood, Mike"
230,Helen,Hayes,4510,"Hayes, Helen"
231,Russell,Brown,588,"Brown, Russell"
232,Richard,Arkless,4387,"Arkless, Richard"
233,David,Mundell,1512,"Mundell, David"
234,Stewart,Hosie,1514,"Hosie, Stewart"
235,Chris,Law,4403,"Law, Chris"
236,Thomas,Docherty,3962,"Docherty, Thomas"
237,Douglas,Chapman,4402,"Chapman, Douglas"
238,Liz,Saville-Roberts,4521,"Saville-Roberts, Liz"
239,Angie,Bray,3979,"Bray, Angie"
240,Rupa,Huq,4511,"Huq, Rupa"
241,Stephen,Pound,161,"Pound, Stephen"
242,Virendra,Sharma,1604,"Sharma, Virendra"
243,Grahame,Morris,3973,"Morris, Grahame"
244,Sammy,Wilson,1593,"Wilson, Sammy"
245,Hugo,Swire,1408,"Swire, Hugo"
246,Jo,Swinson,1513,"Swinson, Jo"
247,John,Nicolson,4415,"Nicolson, John"
248,Stephen,Timms,163,"Timms, Stephen"
249,Damian,Hinds,3969,"Hinds, Damian"
250,Michael,McCann,3963,"McCann, Michael"
251,Lisa,Cameron,4412,"Cameron, Lisa"
252,Gregory,Campbell,1409,"Campbell, Gregory"
253,Fiona,O'Donnell,3964,"O'Donnell, Fiona"
254,George,Kerevan,4416,"Kerevan, George"
255,Jim,Murphy,595,"Murphy, Jim"
256,Kirsten,Oswald,4413,"Oswald, Kirsten"
257,Sam,Gyimah,3980,"Gyimah, Sam"
258,Tim,Loughton,114,"Loughton, Tim"
259,Greg,Knight,1200,"Knight, Greg"
260,Caroline,Ansell,4512,"Ansell, Caroline"
261,Stephen,Lloyd,3968,"Lloyd, Stephen"
262,Mims,Davies,4513,"Davies, Mims"
263,Mike,Thornton,4273,"Thornton, Mike"
264,Antoinette,Sandbach,4506,"Sandbach, Antoinette"
265,Sheila,Gilmore,3965,"Gilmore, Sheila"
266,Tommy,Sheppard,4453,"Sheppard, Tommy"
267,Mark,Lazarowicz,1411,"Lazarowicz, Mark"
268,Deidre,Brock,4417,"Brock, Deidre"
269,Ian,Murray,3966,"Murray, Ian"
270,Joanna,Cherry,4419,"Cherry, Joanna"
271,Mike,Crockart,3967,"Crockart, Mike"
272,Michelle,Thomson,4422,"Thomson, Michelle"
273,Kate,Osamor,4515,"Osamor, Kate"
274,Katherine,Fletcher,4834,"Fletcher, Katherine"
275,Justin,Madders,4418,"Madders, Justin"
276,Alec,Shelbrooke,3997,"Shelbrooke, Alec"
277,Clive,Efford,165,"Efford, Clive"
278,Nick,de Bois,4002,"de Bois, Nick"
279,Joan,Ryan,166,"Ryan, Joan"
280,David,Burrowes,1518,"Burrowes, David"
281,Bambos,Charalambous,4610,"Charalambous, Bambos"
282,Eleanor,Laing,36,"Laing, Eleanor"
283,Chris,Grayling,1413,"Grayling, Chris"
284,Maggie,Throup,4447,"Throup, Maggie"
285,Teresa,Pearce,4003,"Pearce, Teresa"
286,Dominic,Raab,4007,"Raab, Dominic"
287,Ben,Bradshaw,230,"Bradshaw, Ben"
288,John,McNally,4424,"McNally, John"
289,Suella,Fernandes,4475,"Fernandes, Suella"
290,Helen,Whately,4527,"Whately, Helen"
291,Seema,Malhotra,4253,"Malhotra, Seema"
292,Michelle,Gildernew,1416,"Gildernew, Michelle"
293,Tom,Elliott,4367,"Elliott, Tom"
294,Jack,Lopresti,3989,"Lopresti, Jack"
295,Mike,Freer,4004,"Freer, Mike"
296,Damian,Collins,3986,"Collins, Damian"
297,Mark,Harper,1520,"Harper, Mark"
298,Mark,Durkan,1594,"Durkan, Mark"
299,Mark,Menzies,3998,"Menzies, Mark"
300,Mike,Hill,4644,"Hill, Mike"
301,Edward,Leigh,345,"Leigh, Edward"
302,Maria,Eagle,483,"Eagle, Maria"
303,Ian,Mearns,4000,"Mearns, Ian"
304,Vernon,Coaker,360,"Coaker, Vernon"
305,Rehman,Chishti,3987,"Chishti, Rehman"
306,Paul,Clark,83,"Clark, Paul"
307,Anas,Sarwar,3981,"Sarwar, Anas"
308,Alison,Thewliss,4430,"Thewliss, Alison"
309,Margaret,Curran,3982,"Curran, Margaret"
310,Natalie,McGarry,4428,"McGarry, Natalie"
311,Ann,McKechin,1419,"McKechin, Ann"
312,Patrick,Grady,4432,"Grady, Patrick"
313,William,Bain,1610,"Bain, William"
314,Anne,McLaughlin,4437,"McLaughlin, Anne"
315,John,Robertson,605,"Robertson, John"
316,Carol,Monaghan,4443,"Monaghan, Carol"
317,Tom,Harris,1418,"Harris, Tom"
318,Stewart,McDonald,4461,"McDonald, Stewart"
319,Ian,Davidson,611,"Davidson, Ian"
320,Christopher,Stephens,4463,"Stephens, Christopher"
321,Peter,Grant,4466,"Grant, Peter"
322,Richard,Graham,3990,"Graham, Richard"
323,Alex,Salmond,577,"Salmond, Alex"
324,Caroline,Dinenage,4008,"Dinenage, Caroline"
325,Byron,Davies,4499,"Davies, Byron"
326,Nick,Boles,3995,"Boles, Nick"
327,Adam,Holloway,1522,"Holloway, Adam"
328,Tan,Dhesi,4638,"Dhesi, Tan"
329,Melanie,Onn,4464,"Onn, Melanie"
330,Brandon,Lewis,4009,"Lewis, Brandon"
331,Matthew,Pennycook,4520,"Pennycook, Matthew"
332,Anne,Milton,1523,"Milton, Anne"
333,Diane,Abbott,172,"Abbott, Diane"
334,Meg,Hillier,1524,"Hillier, Meg"
335,James,Morris,3992,"Morris, James"
336,Stephanie,Peacock,4607,"Peacock, Stephanie"
337,Holly,Lynch,4472,"Lynch, Holly"
338,David,Davis,373,"Davis, David"
339,Derek,Twigg,429,"Twigg, Derek"
340,Andy,Slaughter,1516,"Slaughter, Andy"
341,Tulip,Siddiq,4518,"Siddiq, Tulip"
342,Edward,Garnier,337,"Garnier, Edward"
343,Robert,Halfon,3985,"Halfon, Robert"
344,Andrew,Jones,3996,"Jones, Andrew"
345,Bob,Blackman,4005,"Blackman, Bob"
346,Gareth,Thomas,177,"Thomas, Gareth"
347,Iain,Wright,1478,"Wright, Iain"
348,Bernard,Jenkin,40,"Jenkin, Bernard"
349,Amber,Rudd,3983,"Rudd, Amber"
350,Sarah,Owen,4777,"Owen, Sarah"
351,Alan,Mak,4484,"Mak, Alan"
352,John,McDonnell,178,"McDonnell, John"
353,William,Wragg,4429,"Wragg, William"
354,Mike,Penning,1528,"Penning, Mike"
355,Jon,Trickett,410,"Trickett, Jon"
356,Matthew,Offord,4006,"Offord, Matthew"
357,Andrew,Dismore,179,"Dismore, Andrew"
358,John,Howell,1606,"Howell, John"
359,Jesse,Norman,3991,"Norman, Jesse"
360,Mark,Prisk,1424,"Prisk, Mark"
361,Oliver,Dowden,4441,"Dowden, Oliver"
362,Guy,Opperman,4142,"Opperman, Guy"
363,Liz,McInnes,4342,"McInnes, Liz"
364,Andrew,Bingham,3994,"Bingham, Andrew"
365,Peter,Lilley,68,"Lilley, Peter"
366,Keir,Starmer,4514,"Starmer, Keir"
367,Angela,Watkinson,1462,"Watkinson, Angela"
368,Catherine,West,4523,"West, Catherine"
369,Lynne,Featherstone,1531,"Featherstone, Lynne"
370,Jeremy,Quin,4507,"Quin, Jeremy"
371,Bridget,Phillipson,4046,"Phillipson, Bridget"
372,Peter,Kyle,4505,"Kyle, Peter"
373,Barry,Sheerman,411,"Sheerman, Barry"
374,Jonathan,Djanogly,1425,"Djanogly, Jonathan"
375,Lee,Scott,1534,"Scott, Lee"
376,Wes,Streeting,4504,"Streeting, Wes"
377,Mike,Gapes,184,"Gapes, Mike"
378,Iain,McKenzie,4246,"McKenzie, Iain"
379,Ronnie,Cowan,4465,"Cowan, Ronnie"
380,Danny,Alexander,1535,"Alexander, Danny"
381,Drew,Hendry,4467,"Hendry, Drew"
382,Benedict,Gummer,3988,"Gummer, Benedict"
383,Andrew,Turner,1426,"Turner, Andrew"
384,Alex,Burghart,4613,"Burghart, Alex"
385,Jeremy,Corbyn,185,"Corbyn, Jeremy"
386,Emily,Thornberry,1536,"Thornberry, Emily"
387,Chris,Evans,4040,"Evans, Chris"
388,Stephen,Hepburn,520,"Hepburn, Stephen"
389,Kris,Hopkins,4043,"Hopkins, Kris"
390,John,Grogan,382,"Grogan, John"
391,Jeremy,Wright,1560,"Wright, Jeremy"
392,Victoria,Borwick,4502,"Borwick, Victoria"
393,Philip,Hollobone,1537,"Hollobone, Philip"
394,Cathy,Jamieson,4011,"Jamieson, Cathy"
395,Alan,Brown,4470,"Brown, Alan"
396,James,Berry,4489,"Berry, James"
397,Edward,Davey,188,"Davey, Edward"
398,Karl,Turner,4030,"Turner, Karl"
399,Dehenna,Davison,4737,"Davison, Dehenna"
400,Diana,Johnson,1533,"Johnson, Diana"
401,Alan,Johnson,376,"Johnson, Alan"
402,Chris,Skidmore,4021,"Skidmore, Chris"
403,Roger,Mullin,4468,"Mullin, Roger"
404,George,Howarth,481,"Howarth, George"
405,Jeffrey,Donaldson,650,"Donaldson, Jeffrey"
406,Jim,Hood,582,"Hood, Jim"
407,Angela,Crawley,4469,"Crawley, Angela"
408,Eric,Ollerenshaw,4141,"Ollerenshaw, Eric"
409,Harold,Elletson,815,"Elletson, Harold"
410,Catherine,Smith,4436,"Smith, Catherine"
411,Hilary,Benn,413,"Benn, Hilary"
412,Richard,Burgon,4493,"Burgon, Richard"
413,Fabian,Hamilton,415,"Hamilton, Fabian"
414,Alex,Sobel,4658,"Sobel, Alex"
415,Greg,Mulholland,1540,"Mulholland, Greg"
416,Rachel,Reeves,4031,"Reeves, Rachel"
417,Keith,Vaz,338,"Vaz, Keith"
418,Jon,Ashworth,4244,"Ashworth, Jon"
419,Liz,Kendall,4026,"Kendall, Liz"
420,Andy,Burnham,1427,"Burnham, Andy"
421,Maria,Caulfield,4492,"Caulfield, Maria"
422,Lloyd,Russell-Moyle,4615,"Russell-Moyle, Lloyd"
423,Norman,Baker,28,"Baker, Norman"
424,Heidi,Alexander,4038,"Alexander, Heidi"
425,Jim,Dowd,189,"Dowd, Jim"
426,Bim,Afolami,4639,"Afolami, Bim"
427,Vicky,Foxcroft,4491,"Foxcroft, Vicky"
428,John,Cryer,181,"Cryer, John"
429,Michael,Fabricant,280,"Fabricant, Michael"
430,Karl,McCartney,4028,"McCartney, Karl"
431,Michael,Connarty,602,"Connarty, Michael"
432,Martyn,Day,4488,"Day, Martyn"
433,Louise,Ellman,484,"Ellman, Louise"
434,Steve,Rotheram,4035,"Rotheram, Steve"
435,Luciana,Berger,4036,"Berger, Luciana"
436,Stephen,Twigg,167,"Twigg, Stephen"
437,Graeme,Morrice,4012,"Morrice, Graeme"
438,Hannah,Bardell,4486,"Bardell, Hannah"
439,Selaine,Saxby,4863,"Saxby, Selaine"
440,Nia,Griffith,1541,"Griffith, Nia"
441,Nicky,Morgan,4027,"Morgan, Nicky"
442,Victoria,Atkins,4399,"Atkins, Victoria"
443,Philip,Dunne,1542,"Dunne, Philip"
444,Dean,Russell,4812,"Russell, Dean"
445,Kelvin,Hopkins,2,"Hopkins, Kelvin"
446,Gavin,Shuker,4013,"Shuker, Gavin"
447,David,Rutley,4033,"Rutley, David"
448,Theresa,May,8,"May, Theresa"
449,Helen,Grant,4018,"Grant, Helen"
450,Yvonne,Fovargue,4034,"Fovargue, Yvonne"
451,John,Whittingdale,39,"Whittingdale, John"
452,Lucy,Powell,4263,"Powell, Lucy"
453,Gerald,Kaufman,451,"Kaufman, Gerald"
454,Jeff,Smith,4456,"Smith, Jeff"
455,John,Leech,1543,"Leech, John"
456,Alan,Meale,361,"Meale, Alan"
457,George,Hollingbery,4016,"Hollingbery, George"
458,Caroline,Spelman,312,"Spelman, Caroline"
459,Gerald,Jones,4501,"Jones, Gerald"
460,Nadine,Dorries,1481,"Dorries, Nadine"
461,Pauline,Latham,4025,"Latham, Pauline"
462,Michael,Tomlinson,4497,"Tomlinson, Michael"
463,George,Freeman,4020,"Freeman, George"
464,Nicholas,Soames,116,"Soames, Nicholas"
465,Daisy,Cooper,4769,"Cooper, Daisy"
466,Francie,Molloy,4274,"Molloy, Francie"
467,Nigel,Huddleston,4407,"Huddleston, Nigel"
468,Simon,Clarke,4655,"Clarke, Simon"
469,Andy,McDonald,4269,"McDonald, Andy"
470,Tom,Blenkinsop,4037,"Blenkinsop, Tom"
471,Owen,Thompson,4482,"Thompson, Owen"
472,Mark,Lancaster,1544,"Lancaster, Mark"
473,Iain,Stewart,4015,"Stewart, Iain"
474,Paul,Holmes,4803,"Holmes, Paul"
475,Siobhain,McDonagh,193,"McDonagh, Siobhain"
476,Paul,Beresford,103,"Beresford, Paul"
477,David,Davies,1545,"Davies, David"
479,Glyn,Davies,4041,"Davies, Glyn"
480,Jane,Dodds,4718,"Dodds, Jane"
481,Douglas,Ross,4627,"Ross, Douglas"
482,Angus,Robertson,1433,"Robertson, Angus"
483,David,Morris,4135,"Morris, David"
484,Andrea,Jenkyns,4490,"Jenkyns, Andrea"
485,Ed,Balls,1549,"Balls, Ed"
486,Frank,Roy,626,"Roy, Frank"
487,Marion,Fellows,4440,"Fellows, Marion"
488,Angus,MacNeil,1546,"MacNeil, Angus"
489,Christina,Rees,4525,"Rees, Christina"
490,Julian,Lewis,54,"Lewis, Julian"
491,Desmond,Swayne,55,"Swayne, Desmond"
492,Robert,Jenrick,4320,"Jenrick, Robert"
493,Richard,Benyon,1547,"Benyon, Richard"
494,Chi,Onwurah,4124,"Onwurah, Chi"
495,Nicholas,Brown,523,"Brown, Nicholas"
496,Catherine,McKinnell,4125,"McKinnell, Catherine"
497,Paul,Farrelly,1436,"Farrelly, Paul"
498,Jessica,Morden,1548,"Morden, Jessica"
499,Paul,Flynn,545,"Flynn, Paul"
500,Mickey,Brady,4373,"Brady, Mickey"
501,Anne Marie,Morris,4249,"Morris, Anne Marie"
502,Richard,Younger-Ross,1460,"Younger-Ross, Richard"
503,Yvette,Cooper,420,"Cooper, Yvette"
504,Ian,Paisley,4129,"Paisley, Ian"
505,Katy,Clark,1590,"Clark, Katy"
506,Patricia,Gibson,4435,"Gibson, Patricia"
507,Scott,Mann,4496,"Mann, Scott"
508,Dan,Rogerson,1504,"Rogerson, Dan"
509,Peter,Heaton-Jones,4524,"Heaton-Jones, Peter"
510,Nick,Harvey,231,"Harvey, Nick"
511,Simon,Hoare,4494,"Hoare, Simon"
512,Sylvia,Hermon,1437,"Hermon, Sylvia"
513,Kevan,Jones,1438,"Jones, Kevan"
514,Alistair,Burt,1201,"Burt, Alistair"
515,Stephen,Barclay,4095,"Barclay, Stephen"
516,Lee,Rowley,4652,"Rowley, Lee"
517,Natascha,Engel,1507,"Engel, Natascha"
518,Stephen,Gethins,4434,"Gethins, Stephen"
519,Ranil,Jayawardena,4498,"Jayawardena, Ranil"
520,Oliver,Heald,69,"Heald, Oliver"
521,Jacob,Rees-Mogg,4099,"Rees-Mogg, Jacob"
522,Wera,Hobhouse,4602,"Hobhouse, Wera"
523,Bill,Wiggin,1428,"Wiggin, Bill"
524,Norman,Lamb,1439,"Lamb, Norman"
525,Owen,Paterson,274,"Paterson, Owen"
526,Liam,Fox,223,"Fox, Liam"
527,Justin,Tomlinson,4105,"Tomlinson, Justin"
528,Roger,Gale,87,"Gale, Roger"
529,Mary,Glindon,4126,"Glindon, Mary"
530,Craig,Tracey,4509,"Tracey, Craig"
531,Mike,O'Brien,290,"O'Brien, Mike"
532,Shailesh,Vara,1496,"Vara, Shailesh"
533,Pat,Glass,4103,"Glass, Pat"
534,Kit,Malthouse,4495,"Malthouse, Kit"
535,Andrew,Bridgen,4133,"Bridgen, Andrew"
536,Henry,Bellingham,1441,"Bellingham, Henry"
537,James,Gray,261,"Gray, James"
538,Michael,Ellis,4116,"Ellis, Michael"
539,Tony,Clarke,355,"Clarke, Tony"
540,Sally,Keeble,354,"Keeble, Sally"
541,David,Mackintosh,4431,"Mackintosh, David"
542,Chloe,Smith,1609,"Smith, Chloe"
543,Clive,Lewis,4500,"Lewis, Clive"
544,Simon,Wright,4096,"Wright, Simon"
545,Christopher,Leslie,422,"Leslie, Christopher"
546,Graham,Allen,364,"Allen, Graham"
547,Jane,Hunt,4839,"Hunt, Jane"
548,Lilian,Greenwood,4029,"Greenwood, Lilian"
549,Marcus,Jones,4024,"Jones, Marcus"
550,Gordon,Banks,1589,"Banks, Gordon"
551,Tasmina,Ahmed-Sheikh,4427,"Ahmed-Sheikh, Tasmina"
552,Huw,Irranca-Davies,1476,"Irranca-Davies, Huw"
553,James,Brokenshire,1530,"Brokenshire, James"
554,Debbie,Abrahams,4212,"Abrahams, Debbie"
555,Michael,Meacher,454,"Meacher, Michael"
556,Alistair,Carmichael,1442,"Carmichael, Alistair"
557,Robert,Smith,639,"Smith, Robert"
558,Joseph,Johnson,4039,"Johnson, Joseph"
559,Nicola,Blackwood,4019,"Blackwood, Nicola"
560,Layla,Moran,4656,"Moran, Layla"
561,Jim,Sheridan,1464,"Sheridan, Jim"
562,Gavin,Newlands,4420,"Newlands, Gavin"
563,Douglas,Alexander,632,"Alexander, Douglas"
564,Mhairi,Black,4421,"Black, Mhairi"
565,Andrew,Stephenson,4044,"Stephenson, Andrew"
566,Angela,Smith,1564,"Smith, Angela"
567,Rory,Stewart,4137,"Stewart, Rory"
568,Pete,Wishart,1440,"Wishart, Pete"
569,Stewart,Jackson,1551,"Jackson, Stewart"
570,Lisa,Forbes,4717,"Forbes, Lisa"
571,Johnny,Mercer,4485,"Mercer, Johnny"
572,Alison,Seabeck,1552,"Seabeck, Alison"
573,Oliver,Colvile,4022,"Colvile, Oliver"
574,Luke,Pollard,4682,"Pollard, Luke"
575,Owen,Smith,4042,"Smith, Owen"
576,Robert,Syms,245,"Syms, Robert"
577,David,Young,967,"Young, David"
578,Jim,Fitzpatrick,197,"Fitzpatrick, Jim"
579,Penny,Mordaunt,4017,"Mordaunt, Penny"
580,Flick,Drummond,4459,"Drummond, Flick"
581,Mike,Hancock,59,"Hancock, Mike"
582,Stephen,Crabb,1554,"Crabb, Stephen"
583,Richard,Holden,4813,"Holden, Richard"
584,Mark,Hendrick,473,"Hendrick, Mark"
585,Stuart,Andrew,4032,"Andrew, Stuart"
586,Justine,Greening,1555,"Greening, Justine"
587,Mark,Francois,1444,"Francois, Mark"
588,Rob,Wilson,1556,"Wilson, Rob"
589,Matt,Rodda,4654,"Rodda, Matt"
590,Alok,Sharma,4014,"Sharma, Alok"
591,Jacob,Young,4825,"Young, Jacob"
592,Anna,Turley,4449,"Turley, Anna"
593,Karen,Lumley,4023,"Lumley, Karen"
594,Crispin,Blunt,104,"Blunt, Crispin"
595,Chris,Bryant,1446,"Bryant, Chris"
596,Nigel,Evans,474,"Evans, Nigel"
597,Rishi,Sunak,4483,"Sunak, Rishi"
598,Zac,Goldsmith,4062,"Goldsmith, Zac"
599,Simon,Danczuk,4059,"Danczuk, Simon"
600,Kelly,Tolhurst,4487,"Tolhurst, Kelly"
601,Mark,Reckless,4049,"Reckless, Mark"
602,James,Duddridge,1559,"Duddridge, James"
603,Andrew,Rosindell,1447,"Rosindell, Andrew"
604,Caroline,Nokes,4048,"Nokes, Caroline"
605,Charles,Kennedy,634,"Kennedy, Charles"
606,Ian,Blackford,4390,"Blackford, Ian"
607,Jake,Berry,4060,"Berry, Jake"
608,Kevin,Barron,392,"Barron, Kevin"
609,Sarah,Champion,4267,"Champion, Sarah"
610,Mark,Pawsey,4052,"Pawsey, Mark"
611,Nick,Hurd,1561,"Hurd, Nick"
612,Philip,Hammond,105,"Hammond, Philip"
613,Kenneth,Clarke,366,"Clarke, Kenneth"
614,Tom,Greatrex,4047,"Greatrex, Tom"
615,Margaret,Ferrier,4386,"Ferrier, Margaret"
616,Alan,Duncan,343,"Duncan, Alan"
617,Alan,Haselhurst,43,"Haselhurst, Alan"
618,Rebecca,Long Bailey,4396,"Long Bailey, Rebecca"
619,John,Glen,4051,"Glen, John"
620,Robert,Goodwill,1562,"Goodwill, Robert"
621,Jo,Gideon,4817,"Gideon, Jo"
622,Nic,Dakin,4056,"Dakin, Nic"
623,Phil,Wilson,1603,"Wilson, Phil"
624,Bill,Esterson,4061,"Esterson, Bill"
625,Nigel,Adams,4057,"Adams, Nigel"
626,Michael,Fallon,88,"Fallon, Michael"
627,Paul,Blomfield,4058,"Blomfield, Paul"
628,Clive,Betts,394,"Betts, Clive"
629,Harry,Harpham,4477,"Harpham, Harry"
630,Nick,Clegg,1563,"Clegg, Nick"
631,Louise,Haigh,4473,"Haigh, Louise"
632,Mark,Spencer,4055,"Spencer, Mark"
633,Philip,Davies,1565,"Davies, Philip"
634,Daniel,Kawczynski,1566,"Kawczynski, Daniel"
635,Gordon,Henderson,4050,"Henderson, Gordon"
636,Julian,Smith,4118,"Smith, Julian"
637,Stephen,Phillips,4054,"Phillips, Stephen"
638,Fiona,Mactaggart,12,"Mactaggart, Fiona"
639,Julian,Knight,4410,"Knight, Julian"
640,Lorely,Burt,1567,"Burt, Lorely"
641,David,Warburton,4526,"Warburton, David"
642,David,Rendel,9,"Rendel, David"
643,William,McCrea,655,"McCrea, William"
644,Danny,Kinahan,4381,"Kinahan, Danny"
645,Stephen,Metcalfe,4092,"Metcalfe, Stephen"
646,Heidi,Allen,4516,"Allen, Heidi"
647,Heather,Wheeler,4053,"Wheeler, Heather"
648,Richard,Drax,4132,"Drax, Richard"
649,Felicity,Buchan,4821,"Buchan, Felicity"
650,Chris,Hazzard,4636,"Hazzard, Chris"
651,Margaret,Ritchie,4130,"Ritchie, Margaret"
652,Lucy,Frazer,4517,"Frazer, Lucy"
653,Sheryll,Murray,4100,"Murray, Sheryll"
654,John,Hayes,350,"Hayes, John"
655,Alberto,Costa,4439,"Costa, Alberto"
656,Richard,Bacon,1451,"Bacon, Richard"
657,Andrea,Leadsom,4117,"Leadsom, Andrea"
658,Seema,Kennedy,4455,"Kennedy, Seema"
659,Emma,Lewell-Buck,4277,"Lewell-Buck, Emma"
660,Gavin,Williamson,4108,"Williamson, Gavin"
661,James,Cartlidge,4519,"Cartlidge, James"
662,Robert,Buckland,4106,"Buckland, Robert"
663,Anne,Snelgrove,1574,"Snelgrove, Anne"
664,Craig,MacKinlay,4529,"MacKinlay, Craig"
665,Andrew,Selous,1453,"Selous, Andrew"
666,Gary,Streeter,234,"Streeter, Gary"
667,David,Gauke,1529,"Gauke, David"
668,Elizabeth,Truss,4097,"Truss, Elizabeth"
669,Jeremy,Hunt,1572,"Hunt, Jeremy"
670,Andrew,Murrison,1466,"Murrison, Andrew"
671,Royston,Smith,4478,"Smith, Royston"
672,Alan,Whitehead,62,"Whitehead, Alan"
673,David,Amess,44,"Amess, David"
674,Damien,Moore,4669,"Moore, Damien"
675,John,Pugh,1454,"Pugh, John"
676,Kwasi,Kwarteng,4134,"Kwarteng, Kwasi"
677,Anne,Main,1568,"Main, Anne"
678,Kerry,Pollard,71,"Pollard, Kerry"
679,Steve,Double,4452,"Double, Steve"
680,Stephen,Gilbert,4101,"Gilbert, Stephen"
681,Conor,McGinn,4458,"McGinn, Conor"
682,Gillian,Keegan,4680,"Keegan, Gillian"
683,Marie,Rimmer,4457,"Rimmer, Marie"
684,Derek,Thomas,4532,"Thomas, Derek"
685,Andrew,George,227,"George, Andrew"
686,Jeremy,Lefroy,4109,"Lefroy, Jeremy"
687,Karen,Bradley,4110,"Bradley, Karen"
688,Jonathan,Reynolds,4119,"Reynolds, Jonathan"
689,Stephen,McPartland,4093,"McPartland, Stephen"
690,Stephen,Kerr,4604,"Kerr, Stephen"
691,Steven,Paterson,4392,"Paterson, Steven"
692,Ann,Coffey,458,"Coffey, Ann"
693,Alex,Cunningham,4122,"Cunningham, Alex"
694,James,Wharton,4123,"Wharton, James"
695,Tristram,Hunt,4111,"Hunt, Tristram"
696,Ruth,Smeeth,4508,"Smeeth, Ruth"
697,Robert,Flello,1569,"Flello, Robert"
698,Bill,Cash,288,"Cash, Bill"
699,Margot,James,4115,"James, Margot"
700,Jim,Shannon,4131,"Shannon, Jim"
701,Nadhim,Zahawi,4113,"Zahawi, Nadhim"
702,Chuka,Umunna,4128,"Umunna, Chuka"
703,Kate,Green,4120,"Green, Kate"
704,Neil,Carmichael,4104,"Carmichael, Neil"
705,David,Drew,252,"Drew, David"
706,Therese,Coffey,4098,"Coffey, Therese"
707,Julie,Elliott,4127,"Elliott, Julie"
708,Michael,Gove,1571,"Gove, Michael"
709,Paul,Scully,4414,"Scully, Paul"
710,Paul,Burstow,204,"Burstow, Paul"
711,Andrew,Mitchell,1211,"Mitchell, Andrew"
712,Carolyn,Harris,4480,"Harris, Carolyn"
713,Geraint,Davies,155,"Davies, Geraint"
714,Christopher,Pincher,4075,"Pincher, Christopher"
715,George,Osborne,1458,"Osborne, George"
716,Rebecca,Pow,4522,"Pow, Rebecca"
717,Lucy,Allan,4411,"Allan, Lucy"
718,David,Wright,1461,"Wright, David"
719,Laurence,Robertson,253,"Robertson, Laurence"
720,Geoffrey,Clifton-Brown,249,"Clifton-Brown, Geoffrey"
721,Mark,Pritchard,1576,"Pritchard, Mark"
722,Kevin,Hollinrake,4474,"Hollinrake, Kevin"
723,Luke,Hall,4450,"Hall, Luke"
724,Steve,Webb,220,"Webb, Steve"
725,Jackie,Doyle-Price,4065,"Doyle-Price, Jackie"
726,Neil,Parish,4072,"Parish, Neil"
727,Tom,Tugendhat,4462,"Tugendhat, Tom"
728,Sadiq,Khan,1577,"Khan, Sadiq"
729,Kevin,Foster,4451,"Foster, Kevin"
730,Adrian,Sanders,237,"Sanders, Adrian"
731,Nick,Thomas-Symonds,4479,"Thomas-Symonds, Nick"
732,Geoffrey,Cox,1508,"Cox, Geoffrey"
733,Sarah,Wollaston,4073,"Wollaston, Sarah"
734,David,Lammy,206,"Lammy, David"
735,Sarah,Newton,4071,"Newton, Sarah"
736,Greg,Clark,1578,"Clark, Greg"
737,Tania,Mathias,4404,"Mathias, Tania"
738,Vincent,Cable,207,"Cable, Vincent"
739,Alan,Campbell,529,"Campbell, Alan"
740,David,Simpson,1597,"Simpson, David"
741,Boris,Johnson,1423,"Johnson, Boris"
742,James,Davies,4476,"Davies, James"
743,Chris,Ruane,534,"Ruane, Chris"
744,Alun,Cairns,4086,"Cairns, Alun"
746,Kate,Hoey,210,"Hoey, Kate"
747,Mary,Creagh,1579,"Creagh, Mary"
748,Chris,Clarkson,4835,"Clarkson, Chris"
749,Angela,Eagle,491,"Eagle, Angela"
750,David,Winnick,316,"Winnick, David"
751,Valerie,Vaz,4076,"Vaz, Valerie"
752,Stella,Creasy,4088,"Creasy, Stella"
753,Ian,Lavery,4139,"Lavery, Ian"
754,Edward,Vaizey,1580,"Vaizey, Edward"
755,John,Spellar,318,"Spellar, John"
756,David,Mowat,4080,"Mowat, David"
757,Chris,White,4114,"White, Chris"
758,Sharon,Hodgson,1521,"Hodgson, Sharon"
759,Richard,Harrington,4068,"Harrington, Richard"
760,Peter,Aldous,4069,"Aldous, Peter"
761,Bob,Blizzard,138,"Blizzard, Bob"
762,Nusrat,Ghani,4460,"Ghani, Nusrat"
763,Graham,Evans,4081,"Evans, Graham"
764,Peter,Bone,1581,"Bone, Peter"
765,James,Heappey,4528,"Heappey, James"
766,Tessa,Munt,4089,"Munt, Tessa"
767,Grant,Shapps,1582,"Shapps, Grant"
768,John,Healey,400,"Healey, John"
769,Stuart,Donaldson,4377,"Donaldson, Stuart"
770,Tom,Watson,1463,"Watson, Tom"
771,Adrian,Bailey,320,"Bailey, Adrian"
772,Oliver,Letwin,247,"Letwin, Oliver"
773,Gemma,Doyle,4063,"Doyle, Gemma"
774,Martin,Docherty,4374,"Docherty, Martin"
775,Lyn,Brown,1583,"Brown, Lyn"
776,Rosie,Cooper,1538,"Cooper, Rosie"
777,Matthew,Hancock,4070,"Hancock, Matthew"
778,Pat,Doherty,1465,"Doherty, Pat"
779,Harriett,Baldwin,4107,"Baldwin, Harriett"
780,Karen,Buck,199,"Buck, Karen"
781,Tim,Farron,1591,"Farron, Tim"
782,John,Penrose,1584,"Penrose, John"
783,Lisa,Nandy,4082,"Nandy, Lisa"
784,Stephen,Hammond,1585,"Hammond, Stephen"
785,Steve,Brine,4067,"Brine, Steve"
786,Adam,Afriyie,1586,"Afriyie, Adam"
787,Alison,McGovern,4083,"McGovern, Alison"
788,Esther,McVey,4084,"McVey, Esther"
789,Margaret,Greenwood,4400,"Greenwood, Margaret"
790,Priti,Patel,4066,"Patel, Priti"
791,David,Cameron,1467,"Cameron, David"
792,Jonathan,Lord,4090,"Lord, Jonathan"
793,John,Redwood,14,"Redwood, John"
794,Emma,Reynolds,4077,"Reynolds, Emma"
795,Pat,McFadden,1587,"McFadden, Pat"
796,Paul,Uppal,4078,"Uppal, Paul"
797,Rob,Marris,1468,"Marris, Rob"
798,Robin,Walker,4091,"Walker, Robin"
799,Sue,Hayman,4395,"Hayman, Sue"
800,Mark,Jenkinson,4752,"Jenkinson, Mark"
801,Barbara,Keeley,1588,"Keeley, Barbara"
802,Peter,Bottomley,117,"Bottomley, Peter"
803,Ian,Lucas,1470,"Lucas, Ian"
804,Steve,Baker,4064,"Baker, Steve"
805,Ben,Wallace,1539,"Wallace, Ben"
806,Mark,Garnier,4074,"Garnier, Mark"
807,Richard,Taylor,1472,"Taylor, Richard"
808,Mike,Kane,4316,"Kane, Mike"
809,Marcus,Fysh,4446,"Fysh, Marcus"
810,David,Laws,1473,"Laws, David"
811,Albert,Owen,1474,"Owen, Albert"
812,Rachael,Maskell,4471,"Maskell, Rachael"
813,Julian,Sturdy,4079,"Sturdy, Julian"
814,Andrew,Western,4979,"Western, Andrew"
815,Kirstene,Hair,4675,"Hair, Kirstene"
816,Bill,Grant,4605,"Grant, Bill"
817,David,Duguid,4606,"Duguid, David"
818,Tracy,Brabin,4588,"Brabin, Tracy"
819,Marsha,De Cordova,4676,"De Cordova, Marsha"
820,Mohammad,Yasin,4598,"Yasin, Mohammad"
821,John,Finucane,4823,"Finucane, John"
822,Emma,Little Pengelly,4611,"Little Pengelly, Emma"
823,Siobhan,Baillie,4847,"Baillie, Siobhan"
824,Preet,Gill,4603,"Gill, Preet"
825,Liz,Twist,4618,"Twist, Liz"
826,Ian,Levy,4749,"Levy, Ian"
827,Robert,Largan,4852,"Largan, Robert"
828,Jamie,Stone,4612,"Stone, Jamie"
829,Ben,Spencer,4785,"Spencer, Ben"
830,Rosie,Duffield,4616,"Duffield, Rosie"
831,Anna,McMorrin,4632,"McMorrin, Anna"
832,Neil,Hamilton,731,"Hamilton, Neil"
833,Ben,Lake,4630,"Lake, Ben"
834,Vicky,Ford,4674,"Ford, Vicky"
835,Simon,Baynes,4800,"Baynes, Simon"
836,Hugh,Gaffney,4614,"Gaffney, Hugh"
837,Thelma,Walker,4649,"Walker, Thelma"
838,Trudy,Harrison,4593,"Harrison, Trudy"
839,Laura,Smith,4648,"Smith, Laura"
840,Aaron,Bell,4837,"Bell, Aaron"
841,Tom,Hunt,4771,"Hunt, Tom"
842,Alister,Jack,4619,"Jack, Alister"
843,Joy,Morrissey,4759,"Morrissey, Joy"
844,Mark,Logan,4815,"Logan, Mark"
845,Martin,Whitfield,4626,"Whitfield, Martin"
846,Paul,Masterton,4625,"Masterton, Paul"
847,Christine,Jardine,4634,"Jardine, Christine"
848,Elisha,McCallion,4624,"McCallion, Elisha"
849,David,Linden,4640,"Linden, David"
850,Paul,Sweeney,4642,"Sweeney, Paul"
851,Colin,Clark,4650,"Clark, Colin"
852,Tonia,Antoniazzi,4623,"Antoniazzi, Tonia"
853,Neil,O'Brien,4679,"O'Brien, Neil"
854,Greg,Smith,4778,"Smith, Greg"
855,Ruth,George,4662,"George, Ruth"
856,Julia,Dockerill,4647,"Dockerill, Julia"
857,Paul,Howell,4830,"Howell, Paul"
858,Scott,Benton,4793,"Benton, Scott"
859,Sandy,Martin,4678,"Martin, Sandy"
860,Bob,Seely,4681,"Seely, Bob"
861,Emma,Dent Coad,4683,"Dent Coad, Emma"
862,Emma,Hardy,4645,"Hardy, Emma"
863,Lesley,Laird,4660,"Laird, Lesley"
864,Gareth,Davies,4850,"Davies, Gareth"
865,James,Grundy,4843,"Grundy, James"
866,Joanne,Platt,4673,"Platt, Joanne"
867,Shaun,Bailey,4987,"Bailey, Shaun"
868,Ellie,Reeves,4620,"Reeves, Ellie"
869,Laura,Farris,4826,"Farris, Laura"
870,Karen,Lee,4664,"Lee, Karen"
871,Dan,Carden,4651,"Carden, Dan"
872,Afzal,Khan,4671,"Khan, Afzal"
873,Ben,Bradley,4663,"Bradley, Ben"
874,Danielle,Rowley,4628,"Rowley, Danielle"
875,James,Wild,4787,"Wild, James"
876,Sally-Ann,Hart,4842,"Hart, Sally-Ann"
877,Laura,Pidcock,4665,"Pidcock, Laura"
878,Andrew,Lewer,4659,"Lewer, Andrew"
879,Alex,Norris,4641,"Norris, Alex"
880,Luke,Graham,4622,"Graham, Luke"
881,Jamie,Wallis,4766,"Wallis, Jamie"
882,Jim,McMahon,4569,"McMahon, Jim"
883,Anneliese,Dodds,4657,"Dodds, Anneliese"
884,Fiona,Onasanya,4629,"Onasanya, Fiona"
885,Stephen,Morgan,4653,"Morgan, Stephen"
886,Peter,Gibson,4754,"Gibson, Peter"
887,Virginia,Crosbie,4859,"Crosbie, Virginia"
888,Sarah,Olney,4591,"Olney, Sarah"
889,Tony,Lloyd,450,"Lloyd, Tony"
890,Ashley,Dalton,4981,"Dalton, Ashley"
891,Gerard,Killen,4672,"Killen, Gerard"
892,Kemi,Badenoch,4597,"Badenoch, Kemi"
893,Holly,Mumby-Croft,4867,"Mumby-Croft, Holly"
894,Gill,Furniss,4571,"Furniss, Gill"
895,Jared,O'Mara,4661,"O'Mara, Jared"
896,Caroline,Johnson,4592,"Johnson, Caroline"
897,Paul,Girvan,4633,"Girvan, Paul"
898,Paul,Williams,4666,"Williams, Paul"
899,Gareth,Snell,4595,"Snell, Gareth"
900,Jack,Brereton,4643,"Brereton, Jack"
901,Rosena,Allin-Khan,4573,"Allin-Khan, Rosena"
902,Eddie,Hughes,4635,"Hughes, Eddie"
903,Anthony,Mangnall,4762,"Mangnall, Anthony"
904,Faisal,Rashid,4670,"Rashid, Faisal"
905,Matt,Western,4617,"Western, Matt"
906,Jonathan,Gullis,4814,"Gullis, Jonathan"
907,Mike,Amesbury,4667,"Amesbury, Mike"
908,Andrew,Bowie,4601,"Bowie, Andrew"
909,Barry,McElduff,4646,"McElduff, Barry"
910,Robert,Courts,4589,"Courts, Robert"
911,Eleanor,Smith,4609,"Smith, Eleanor"
912,Ieuan,Wyn Jones,550,"Wyn Jones, Ieuan"
913,Robin,Millar,4746,"Millar, Robin"
914,Stephen,Flynn,4735,"Flynn, Stephen"
915,Dave,Doogan,4736,"Doogan, Dave"
916,Andrew,Griffith,4874,"Griffith, Andrew"
917,Lee,Anderson,4743,"Anderson, Lee"
918,Rob,Butler,4745,"Butler, Rob"
919,Allan,Dorans,4740,"Dorans, Allan"
920,Brendan,Clarke-Smith,4756,"Clarke-Smith, Brendan"
921,Claire,Hanna,4827,"Hanna, Claire"
922,Mick,Whitley,4755,"Whitley, Mick"
923,Tahir,Ali,4747,"Ali, Tahir"
924,Gary,Sambrook,4760,"Sambrook, Gary"
925,Luke,Evans,4781,"Evans, Luke"
926,James,Sunderland,4767,"Sunderland, James"
927,Fay,Jones,4763,"Jones, Fay"
928,Jerome,Mayhew,4739,"Mayhew, Jerome"
929,Darren,Henry,4794,"Henry, Darren"
930,Stephen,Dorrell,336,"Dorrell, Stephen"
931,Antony,Higginbotham,4833,"Higginbotham, Antony"
932,Kate,Griffiths,4773,"Griffiths, Kate"
933,Christian,Wakeford,4871,"Wakeford, Christian"
934,Anna,Firth,4936,"Firth, Anna"
935,Elliot,Colburn,4775,"Colburn, Elliot"
936,Nickie,Aiken,4741,"Aiken, Nickie"
937,Mary,Foy,4753,"Foy, Mary"
938,Steven,Bonnar,4748,"Bonnar, Steven"
939,Taiwo,Owatemi,4779,"Owatemi, Taiwo"
940,Zarah,Sultana,4786,"Sultana, Zarah"
941,Beth,Winter,4809,"Winter, Beth"
942,Rob,Roberts,4810,"Roberts, Rob"
943,Sarah,Dines,4816,"Dines, Sarah"
944,Danny,Kruger,4858,"Kruger, Danny"
945,Mark,Eastwood,4807,"Eastwood, Mark"
946,Nick,Fletcher,4832,"Fletcher, Nick"
947,Natalie,Elphicke,4795,"Elphicke, Natalie"
948,Marco,Longhi,4789,"Longhi, Marco"
949,James,Murray,4797,"Murray, James"
950,Simon,Jupp,4862,"Jupp, Simon"
951,Amy,Callaghan,4770,"Callaghan, Amy"
952,Kenny,MacAskill,4772,"MacAskill, Kenny"
953,Claire,Coutinho,4806,"Coutinho, Claire"
954,Louie,French,4932,"French, Louie"
955,Feryal,Clark,4822,"Clark, Feryal"
956,Abena,Oppong-Asare,4820,"Oppong-Asare, Abena"
957,Colum,Eastwood,4846,"Eastwood, Colum"
958,Tom,Randall,4845,"Randall, Tom"
959,Richard,Thomson,4796,"Thomson, Richard"
960,Lia,Nici,4851,"Nici, Lia"
961,Angela,Richardson,4840,"Richardson, Angela"
962,Sara,Britcliffe,4838,"Britcliffe, Sara"
963,Sam,Tarry,4829,"Tarry, Sam"
964,Kate,Osborne,4783,"Osborne, Kate"
965,Robbie,Moore,4861,"Moore, Robbie"
966,Neale,Hanvey,4782,"Hanvey, Neale"
967,Jill,Mortimer,4916,"Mortimer, Jill"
968,Claudia,Webbe,4848,"Webbe, Claudia"
970,Kim,Johnson,4824,"Johnson, Kim"
971,Paula,Barker,4828,"Barker, Paula"
972,Ian,Byrne,4831,"Byrne, Ian"
973,Rachel,Hopkins,4873,"Hopkins, Rachel"
974,Saqib,Bhatti,4818,"Bhatti, Saqib"
975,Ben,Everitt,4836,"Everitt, Ben"
976,Stephen,Farry,4856,"Farry, Stephen"
977,Wendy,Chamberlain,4765,"Chamberlain, Wendy"
978,Duncan,Baker,4784,"Baker, Duncan"
979,Helen,Morgan,4934,"Morgan, Helen"
980,Nadia,Whittome,4869,"Whittome, Nadia"
981,Gareth,Bacon,4798,"Bacon, Gareth"
982,Miriam,Cates,4865,"Cates, Miriam"
983,Neil,Hudson,4853,"Hudson, Neil"
984,Paul,Bristow,4792,"Bristow, Paul"
985,Ann,Widdecombe,85,"Widdecombe, Ann"
986,Alex,Davies-Jones,4849,"Davies-Jones, Alex"
987,Apsana,Begum,4790,"Begum, Apsana"
988,Fleur,Anderson,4788,"Anderson, Fleur"
989,Alexander,Stafford,4866,"Stafford, Alexander"
990,David,Simmonds,4872,"Simmonds, David"
991,Ruth,Edwards,4808,"Edwards, Ruth"
992,Alicia,Kearns,4805,"Kearns, Alicia"
993,Laura,Trott,4780,"Trott, Laura"
994,Olivia,Blake,4864,"Blake, Olivia"
995,Anthony,Browne,4801,"Browne, Anthony"
996,Gagan,Mohindra,4804,"Mohindra, Gagan"
997,Alyn,Smith,4738,"Smith, Alyn"
998,Navendu,Mishra,4811,"Mishra, Navendu"
999,Matt,Vickers,4844,"Vickers, Matt"
1000,Suzanne,Webb,4802,"Webb, Suzanne"
1001,Bell,Ribeiro-Addy,4764,"Ribeiro-Addy, Bell"
1002,Cherilyn,Mackrory,4758,"Mackrory, Cherilyn"
1003,Munira,Wilson,4776,"Wilson, Munira"
1004,Carla,Lockhart,4857,"Lockhart, Carla"
1005,Florence,Eshalomi,4870,"Eshalomi, Florence"
1006,Imran,Ahmad Khan,4841,"Ahmad Khan, Imran"
1007,David,Johnston,4761,"Johnston, David"
1008,Charlotte,Nichols,4799,"Nichols, Charlotte"
1009,Andy,Carter,4791,"Carter, Andy"
1010,Nicola,Richards,4868,"Richards, Nicola"
1011,Shaun,Bailey,4757,"Bailey, Shaun"
1012,Chris,Loder,4751,"Loder, Chris"
1013,Órfhlaith,Begley,4697,"Begley, Órfhlaith"
1014,Jane,Stevenson,4750,"Stevenson, Jane"
1015,Stuart,Anderson,4742,"Anderson, Stuart"
1016,Sarah,Atherton,4855,"Atherton, Sarah"
1017,Hywel,Francis,1382,"Francis, Hywel"
1018,Frank,Doran,570,"Doran, Frank"
1019,Richard,Shepherd,295,"Shepherd, Richard"
1020,Judy,Mallaber,324,"Mallaber, Judy"
1021,Sarah,Green,4918,"Green, Sarah"
1022,David,Heyes,1386,"Heyes, David"
1023,Tony,Baldry,93,"Baldry, Tony"
1024,Eric,Illsley,386,"Illsley, Eric"
1025,Don,Foster,214,"Foster, Don"
1026,Mike,Wood,401,"Wood, Mike"
1027,Martin,Linton,141,"Linton, Martin"
1028,Peter,Robinson,642,"Robinson, Peter"
1029,Gerry,Adams,645,"Adams, Gerry"
1030,Alan,Beith,513,"Beith, Alan"
1031,Gregory,Barker,1389,"Barker, Gregory"
1032,Jack,Straw,463,"Straw, Jack"
1033,Dai,Davies,1602,"Davies, Dai"
1034,Joe,Benton,479,"Benton, Joe"
1035,Mark,Simmonds,1393,"Simmonds, Mark"
1036,Terry,Rooney,402,"Rooney, Terry"
1037,Gerry,Sutcliffe,403,"Sutcliffe, Gerry"
1038,Marsha,Singh,404,"Singh, Marsha"
1039,Brooks,Newmark,1488,"Newmark, Brooks"
1040,Sarah,Teather,1170,"Teather, Sarah"
1041,Ann,Keen,148,"Keen, Ann"
1042,Ian,Cawsey,369,"Cawsey, Ian"
1043,Dawn,Primarolo,217,"Primarolo, Dawn"
1044,David,Ruffley,133,"Ruffley, David"
1045,Aidan,Burley,3937,"Burley, Aidan"
1046,Jonathan,Evans,1166,"Evans, Jonathan"
1047,Julie,Morgan,561,"Morgan, Julie"
1048,Alun,Michael,562,"Michael, Alun"
1049,Nick,Ainger,537,"Ainger, Nick"
1050,Bob,Spink,1214,"Spink, Bob"
1051,Jonathan,Shaw,78,"Shaw, Jonathan"
1052,Paul,Holmes,1404,"Holmes, Paul"
1053,Christine,Russell,424,"Russell, Christine"
1054,Ivan,Henderson,38,"Henderson, Ivan"
1055,Shona,McIsaac,370,"McIsaac, Shona"
1056,Louise,Bagshawe,3959,"Bagshawe, Louise"
1057,Phil,Hope,351,"Hope, Phil"
1058,Bob,Ainsworth,306,"Ainsworth, Bob"
1059,Andrew,Pelling,1505,"Pelling, Andrew"
1060,Malcolm,Wicks,156,"Wicks, Malcolm"
1061,Richard,Ottaway,157,"Ottaway, Richard"
1062,Shahid,Malik,1509,"Malik, Shahid"
1063,Gwyn,Prosser,80,"Prosser, Gwyn"
1064,Chris,Kelly,3975,"Kelly, Chris"
1065,Tessa,Jowell,159,"Jowell, Tessa"
1066,Peter,Duncan,1417,"Duncan, Peter"
1067,Jim,McGovern,1515,"McGovern, Jim"
1068,Willie,Rennie,1600,"Rennie, Willie"
1069,Elfyn,Llwyd,549,"Llwyd, Elfyn"
1070,William,Ross,647,"Ross, William"
1071,Nigel,Waterson,25,"Waterson, Nigel"
1072,Chris,Huhne,1517,"Huhne, Chris"
1073,Stephen,O'Brien,427,"O'Brien, Stephen"
1074,Alistair,Darling,596,"Darling, Alistair"
1075,Andy,Love,164,"Love, Andy"
1076,Andrew,Miller,428,"Miller, Andrew"
1077,Jessica,Lee,3993,"Lee, Jessica"
1078,Eric,Joyce,603,"Joyce, Eric"
1079,Mark,Hoban,1414,"Hoban, Mark"
1080,Hugh,Robertson,1415,"Robertson, Hugh"
1081,Alan,Keen,169,"Keen, Alan"
1082,John,Mason,1607,"Mason, John"
1083,Lindsay,Roy,1608,"Roy, Lindsay"
1084,Parmjit,Dhanda,1420,"Dhanda, Parmjit"
1085,Malcolm,Bruce,615,"Bruce, Malcolm"
1086,Martin,Caton,566,"Caton, Martin"
1087,Austin,Mitchell,372,"Mitchell, Austin"
1088,Anthony,Wright,125,"Wright, Anthony"
1089,Nick,Raynsford,171,"Raynsford, Nick"
1090,Sue,Doughty,1422,"Doughty, Sue"
1091,Linda,Riordan,1525,"Riordan, Linda"
1092,Glenda,Jackson,175,"Jackson, Glenda"
1093,Bill,Rammell,37,"Rammell, Bill"
1094,Tony,McNulty,176,"McNulty, Tony"
1095,Michael,Foster,26,"Foster, Michael"
1096,David,Willetts,53,"Willetts, David"
1097,Andrew,Stunell,445,"Stunell, Andrew"
1098,James,Clappison,67,"Clappison, James"
1099,Jim,Dobbin,446,"Dobbin, Jim"
1100,Frank,Dobson,180,"Dobson, Frank"
1101,Francis,Maude,115,"Maude, Francis"
1102,Mike,Weatherley,3984,"Weatherley, Mike"
1103,Celia,Barlow,1532,"Barlow, Celia"
1104,David,Cairns,1421,"Cairns, David"
1105,Chris,Mole,1475,"Mole, Chris"
1106,Malcolm,Rifkind,1191,"Rifkind, Malcolm"
1107,Phil,Sawford,353,"Sawford, Phil"
1108,Roger,Berry,219,"Berry, Roger"
1109,Gordon,Brown,591,"Brown, Gordon"
1110,George,Mudie,414,"Mudie, George"
1111,Peter,Soulsby,1592,"Soulsby, Peter"
1112,Parmjit,Gill,1172,"Gill, Parmjit"
1113,Joan,Ruddock,190,"Ruddock, Joan"
1114,Andy,Reed,341,"Reed, Andy"
1115,Peter,Tapsell,348,"Tapsell, Peter"
1116,Christopher,Gill,273,"Gill, Christopher"
1117,Dai,Havard,1430,"Havard, Dai"
1118,Annette,Brooke,1431,"Brooke, Annette"
1119,Martin,McGuinness,651,"McGuinness, Martin"
1120,Peter,Luff,268,"Luff, Peter"
1121,Stuart,Bell,501,"Bell, Stuart"
1122,David,Hamilton,1432,"Hamilton, David"
1123,Phyllis,Starkey,19,"Starkey, Phyllis"
1124,Lembit,Opik,559,"Opik, Lembit"
1125,Geraldine,Smith,471,"Smith, Geraldine"
1126,Peter,Hain,567,"Hain, Peter"
1127,Patrick,Mercer,1435,"Mercer, Patrick"
1128,Conor,Murphy,1595,"Murphy, Conor"
1129,Robert,Walter,244,"Walter, Robert"
1130,Menzies,Campbell,627,"Campbell, Menzies"
1131,James,Arbuthnot,56,"Arbuthnot, James"
1132,Dan,Norris,221,"Norris, Dan"
1133,Daniel,Byles,4112,"Byles, Daniel"
1134,George,Young,57,"Young, George"
1135,Brian,Binley,1550,"Binley, Brian"
1136,Charles,Clarke,130,"Clarke, Charles"
1137,Annabelle,Ewing,1443,"Ewing, Annabelle"
1138,Phil,Woolas,453,"Woolas, Phil"
1139,Evan,Harris,96,"Harris, Evan"
1140,Gordon,Prentice,472,"Prentice, Gordon"
1141,Linda,Gilroy,233,"Gilroy, Linda"
1142,Sarah,McCarthy-Fry,1553,"McCarthy-Fry, Sarah"
1143,Ian,Swales,4045,"Swales, Ian"
1144,Vera,Baird,1445,"Baird, Vera"
1145,Jacqui,Smith,269,"Smith, Jacqui"
1146,William,Hague,379,"Hague, William"
1147,Susan,Kramer,1557,"Kramer, Susan"
1148,Paul,Rowen,1558,"Rowen, Paul"
1149,Sandra,Gidley,60,"Gidley, Sandra"
1150,Janet,Anderson,475,"Anderson, Janet"
1151,Denis,Macshane,393,"Macshane, Denis"
1152,Andy,King,292,"King, Andy"
1153,Hazel,Blears,456,"Blears, Hazel"
1154,David,Blunkett,395,"Blunkett, David"
1155,Meg,Munn,1448,"Munn, Meg"
1156,David,Heath,255,"Heath, David"
1157,Angela,Smith,4170,"Smith, Angela"
1158,Andrew,Lansley,123,"Lansley, Andrew"
1159,Jim,Knight,4160,"Knight, Jim"
1160,James,Paice,124,"Paice, James"
1161,Andrew,Robathan,334,"Robathan, Andrew"
1162,Lorraine,Fullbrook,4121,"Fullbrook, Lorraine"
1163,David,Borrow,476,"Borrow, David"
1164,David,Miliband,1452,"Miliband, David"
1165,Tim,Yeo,136,"Yeo, Tim"
1166,Laura,Sandys,4094,"Sandys, Laura"
1167,Stephen,Ladyman,90,"Ladyman, Stephen"
1168,John,Denham,61,"Denham, John"
1169,Dave,Watts,489,"Watts, Dave"
1170,Shaun,Woodward,98,"Woodward, Shaun"
1171,David,Kidney,283,"Kidney, David"
1172,Charlotte,Atkins,284,"Atkins, Charlotte"
1173,Anne,McGuire,636,"McGuire, Anne"
1174,Frank,Cook,504,"Cook, Frank"
1175,Dari,Taylor,505,"Taylor, Dari"
1176,Joan,Walley,286,"Walley, Joan"
1177,Lynda,Waltho,1570,"Waltho, Lynda"
1178,Siân,James,1573,"James, Siân"
1179,Brian,Jenkins,289,"Jenkins, Brian"
1180,Jeremy,Browne,1575,"Browne, Jeremy"
1181,Anne,McIntosh,384,"McIntosh, Anne"
1182,John,Stanley,91,"Stanley, John"
1183,Paul,Murphy,546,"Murphy, Paul"
1184,John,Randall,209,"Randall, John"
1185,James,Plaskitt,294,"Plaskitt, James"
1186,Claire,Ward,73,"Ward, Claire"
1187,Charles,Hendry,1220,"Hendry, Charles"
1188,David,Heathcoat-Amory,257,"Heathcoat-Amory, David"
1189,Michael,Foster,271,"Foster, Michael"
1190,Tony,Cunningham,1469,"Cunningham, Tony"
1191,Paul,Goggins,462,"Goggins, Paul"
1192,Hugh,Bayley,385,"Bayley, Hugh"
1463,Roz,Savage,5352,"Savage, Roz"
1464,Samantha,Niblett,5150,"Niblett, Samantha"
1465,Caroline,Voaden,5216,"Voaden, Caroline"
1466,Lloyd,Hatton,5217,"Hatton, Lloyd"
1467,Anna,Gelderd,5353,"Gelderd, Anna"
1468,Ben,Goldsborough,5205,"Goldsborough, Ben"
1469,Sarah,Bool,5355,"Bool, Sarah"
1470,Paul,Foster,5074,"Foster, Paul"
1471,Matthew,Green,1429,"Green, Matthew"
1472,Rebecca,Smith,5301,"Smith, Rebecca"
1473,Terry,Jermy,5338,"Jermy, Terry"
1474,Darren,Paffey,5270,"Paffey, Darren"
1475,Satvir,Kaur,5271,"Kaur, Satvir"
1476,Bayo,Alaba,5097,"Alaba, Bayo"
1477,David,Burton-Sampson,5106,"Burton-Sampson, David"
1478,Patrick,Hurley,5052,"Hurley, Patrick"
1479,Lincoln,Jopp,5332,"Jopp, Lincoln"
1480,Kim,Leadbeater,4923,"Leadbeater, Kim"
1481,Noah,Law,5302,"Law, Noah"
1482,David,Baines,5092,"Baines, David"
1483,Ian,Sollom,5096,"Sollom, Ian"
1484,Leigh,Ingham,5290,"Ingham, Leigh"
1485,Kevin,Bonavia,5051,"Bonavia, Kevin"
1486,Chris,Kane,5155,"Kane, Chris"
1487,Chris,McDonald,5116,"McDonald, Chris"
1488,David,Williams,5151,"Williams, David"
1489,Allison,Gardner,5334,"Gardner, Allison"
1490,Cat,Eccles,5293,"Eccles, Cat"
1491,Uma,Kumaran,5278,"Kumaran, Uma"
1492,Manuela,Perteghella,5122,"Perteghella, Manuela"
1493,Simon,Opher,5030,"Opher, Simon"
1494,Jenny,Riddell-Carpenter,5160,"Riddell-Carpenter, Jenny"
1495,Lewis,Atkinson,5028,"Atkinson, Lewis"
1496,Al,Pinkerton,5288,"Pinkerton, Al"
1497,Luke,Taylor,5103,"Taylor, Luke"
1498,Torsten,Bell,5069,"Bell, Torsten"
1499,Will,Stone,5035,"Stone, Will"
1500,Sarah,Edwards,5001,"Edwards, Sarah"
1501,Gideon,Amos,5250,"Amos, Gideon"
1193,Seamus,Logan,5280,"Logan, Seamus"
1195,Kenneth,Stevenson,5200,"Stevenson, Kenneth"
1196,Alex,Baker,5173,"Baker, Alex"
1197,Brian,Leishman,5196,"Leishman, Brian"
1198,Connor,Rand,5159,"Rand, Connor"
1199,Linsey,Farnsworth,5107,"Farnsworth, Linsey"
1200,Sojan,Joseph,5247,"Joseph, Sojan"
1201,Laura,Kyrke-Smith,5341,"Kyrke-Smith, Laura"
1202,Elaine,Stewart,5206,"Stewart, Elaine"
1203,Sean,Woodcock,5328,"Woodcock, Sean"
1204,Claire,Hughes,5113,"Hughes, Claire"
1205,Nesil,Caliskan,5180,"Caliskan, Nesil"
1206,Michelle,Scrogham,5049,"Scrogham, Michelle"
1207,Luke,Murphy,5248,"Murphy, Luke"
1208,Jo,White,5105,"White, Jo"
1209,Kirsteen,Sullivan,5179,"Sullivan, Kirsteen"
1210,Liam,Conlon,5132,"Conlon, Liam"
1211,Daniel,Francis,5184,"Francis, Daniel"
1212,Calum,Miller,5346,"Miller, Calum"
1213,Paulette,Hamilton,4938,"Hamilton, Paulette"
1214,Laurence,Turner,5234,"Turner, Laurence"
1215,Ayoub,Khan,5357,"Khan, Ayoub"
1216,Al,Carns,5235,"Carns, Al"
1217,Sam,Rushworth,5108,"Rushworth, Sam"
1218,Adnan,Hussain,5231,"Hussain, Adnan"
1219,Lorraine,Beavers,5232,"Beavers, Lorraine"
1220,Chris,Webb,5025,"Webb, Chris"
1221,Alison,Griffiths,5203,"Griffiths, Alison"
1222,Natalie,Fleet,5053,"Fleet, Natalie"
1223,Kirith,Entwistle,5095,"Entwistle, Kirith"
1224,Phil,Brickell,5128,"Brickell, Phil"
1225,Richard,Tice,5161,"Tice, Richard"
1226,Tom,Hayes,5210,"Hayes, Tom"
1227,Jessica,Toale,5202,"Toale, Jessica"
1228,Peter,Swallow,5165,"Swallow, Peter"
1229,David,Chadwick,5284,"Chadwick, David"
1230,Ashley,Fox,5101,"Fox, Ashley"
1231,Charlie,Dewhirst,5169,"Dewhirst, Charlie"
1232,Chris,Ward,5276,"Ward, Chris"
1233,Siân,Berry,5314,"Berry, Siân"
1234,Carla,Denyer,5102,"Denyer, Carla"
1235,Damien,Egan,5010,"Egan, Damien"
1236,Peter,Fortune,5209,"Fortune, Peter"
1237,Bradley,Thomas,5186,"Thomas, Bradley"
1238,Lewis,Cocking,5050,"Cocking, Lewis"
1239,Juliet,Campbell,5058,"Campbell, Juliet"
1240,Callum,Anderson,5193,"Anderson, Callum"
1241,Oliver,Ryan,5135,"Ryan, Oliver"
1242,Jacob,Collier,5077,"Collier, Jacob"
1243,Peter,Prinsley,5163,"Prinsley, Peter"
1244,Ann,Davies,5177,"Davies, Ann"
1245,Josh,Fenton-Glynn,5295,"Fenton-Glynn, Josh"
1246,Perran,Moon,5208,"Moon, Perran"
1247,Josh,Newbury,5034,"Newbury, Josh"
1248,Alex,Barros-Curtis,5175,"Barros-Curtis, Alex"
1249,Julie,Minns,5094,"Minns, Julie"
1250,Bobby,Dean,5083,"Dean, Bobby"
1251,Alan,Gemmell,5185,"Gemmell, Alan"
1252,Patrick,Spencer,5303,"Spencer, Patrick"
1253,Tristan,Osborne,5220,"Osborne, Tristan"
1254,Tom,Morrison,5090,"Morrison, Tom"
1255,Marie,Goldman,5073,"Goldman, Marie"
1256,Ben,Coleman,5344,"Coleman, Ben"
1257,Max,Wilkinson,5055,"Wilkinson, Max"
1258,Samantha,Dixon,4976,"Dixon, Samantha"
1259,Aphra,Brandreth,5241,"Brandreth, Aphra"
1260,Jess,Brown-Fuller,5335,"Brown-Fuller, Jess"
1261,Sarah,Gibson,5239,"Gibson, Sarah"
1262,Dan,Tomlinson,5282,"Tomlinson, Dan"
1263,Rachel,Blake,5257,"Blake, Rachel"
1264,Nigel,Farage,5091,"Farage, Nigel"
1265,Becky,Gittins,5181,"Gittins, Becky"
1266,Gill,German,5104,"German, Gill"
1267,Frank,McNally,5183,"McNally, Frank"
1268,Pam,Cox,5042,"Cox, Pam"
1269,Paul,Davies,5317,"Davies, Paul"
1270,Sarah,Russell,5324,"Russell, Sarah"
1271,Lee,Barron,5315,"Barron, Lee"
1272,Melanie,Ward,5240,"Ward, Melanie"
1273,Emma,Foody,5029,"Foody, Emma"
1274,Peter,Lamb,5345,"Lamb, Peter"
1275,Connor,Naismith,5273,"Naismith, Connor"
1276,Natasha,Irons,5119,"Irons, Natasha"
1277,Katrina,Murray,5309,"Murray, Katrina"
1278,Margaret,Mullane,5272,"Mullane, Margaret"
1279,Lola,McEvoy,5037,"McEvoy, Lola"
1280,Jim,Dickson,5223,"Dickson, Jim"
1281,Catherine,Atkinson,5143,"Atkinson, Catherine"
1282,Baggy,Shanker,5176,"Shanker, Baggy"
1283,John,Whitby,5342,"Whitby, John"
1284,Iqbal,Mohamed,5268,"Mohamed, Iqbal"
1285,Olly,Glover,5318,"Glover, Olly"
1286,Sally,Jameson,5178,"Jameson, Sally"
1287,Lee,Pitcher,5233,"Pitcher, Lee"
1288,Chris,Coghlan,5198,"Coghlan, Chris"
1289,Mike,Tapp,5266,"Tapp, Mike"
1290,Sonia,Kumar,5274,"Kumar, Sonia"
1291,John,Cooper,5358,"Cooper, John"
1292,Graeme,Downie,5275,"Downie, Graeme"
1293,Alex,Mayer,5141,"Mayer, Alex"
1294,Deirdre,Costigan,5075,"Costigan, Deirdre"
1295,Yuan,Yang,5267,"Yang, Yuan"
1296,Joani,Reid,5079,"Reid, Joani"
1297,Blair,McDougall,5076,"McDougall, Blair"
1298,Polly,Billington,5123,"Billington, Polly"
1299,Tom,Rutland,5222,"Rutland, Tom"
1300,Josh,Babarinde,5086,"Babarinde, Josh"
1301,Liz,Jarvis,5040,"Jarvis, Liz"
1302,Chris,Murray,5245,"Murray, Chris"
1303,Tracy,Gilbert,5188,"Gilbert, Tracy"
1304,Scott,Arthur,5212,"Arthur, Scott"
1305,Charlotte,Cane,5182,"Cane, Charlotte"
1306,Helen,Maguire,5336,"Maguire, Helen"
1307,Adam,Thompson,5044,"Thompson, Adam"
1308,Monica,Harding,5299,"Harding, Monica"
1309,Steve,Race,5064,"Race, Steve"
1310,David,Reed,5347,"Reed, David"
1311,Euan,Stainbank,5110,"Stainbank, Euan"
1312,Greg,Stafford,5351,"Stafford, Greg"
1313,Pat,Cullen,5261,"Cullen, Pat"
1314,Claire,Hazelgrove,5306,"Hazelgrove, Claire"
1315,Sarah,Sackman,5204,"Sackman, Sarah"
1316,Tony,Vaughan,5067,"Vaughan, Tony"
1317,Matt,Bishop,5323,"Bishop, Matt"
1318,Anna,Sabine,5286,"Sabine, Anna"
1319,Andrew,Snowden,5072,"Snowden, Andrew"
1320,Mark,Ferguson,5031,"Ferguson, Mark"
1321,Michael,Payne,5146,"Payne, Michael"
1322,Naushabah,Khan,5215,"Khan, Naushabah"
1323,John,Grady,5170,"Grady, John"
1324,Martin,Rhodes,5251,"Rhodes, Martin"
1325,Maureen,Burke,5137,"Burke, Maureen"
1326,Gordon,McKee,5189,"McKee, Gordon"
1327,Zubir,Ahmed,5213,"Ahmed, Zubir"
1328,Patricia,Ferguson,5190,"Ferguson, Patricia"
1329,Sarah,Dyke,4995,"Dyke, Sarah"
1330,Richard,Baker,5253,"Baker, Richard"
1331,Alex,McIntyre,5349,"McIntyre, Alex"
1332,Harriet,Cross,5311,"Cross, Harriet"
1333,Lauren,Sullivan,5269,"Sullivan, Lauren"
1334,Rupert,Lowe,5158,"Lowe, Rupert"
1335,Zöe,Franklin,5313,"Franklin, Zöe"
1336,Alex,Ballinger,5238,"Ballinger, Alex"
1337,Kate,Dearden,5224,"Dearden, Kate"
1338,Imogen,Walker,5136,"Walker, Imogen"
1339,Chris,Vince,5237,"Vince, Chris"
1340,Victoria,Collins,5201,"Collins, Victoria"
1342,Jonathan,Brash,5045,"Brash, Jonathan"
1343,Helena,Dollimore,5192,"Dollimore, Helena"
1344,Lisa,Smart,5070,"Smart, Lisa"
1345,David,Taylor,5348,"Taylor, David"
1341,Thomas,Gordon,5032,"Gordon, Thomas"
1346,David,Pinto-Duschinsky,5360,"Pinto-Duschinsky, David"
1347,Freddie,Van Mierlo,5296,"Van Mierlo, Freddie"
1348,Joshua Robert Abraham,Dean,5187,"Dean, Joshua Robert Abraham"
1349,Joe,Morris,5081,"Morris, Joe"
1350,Elsie,Blundell,5084,"Blundell, Elsie"
1351,Jon,Pearce,5115,"Pearce, Jon"
1352,Alistair,Strathern,5000,"Strathern, Alistair"
1353,Richard,Foord,4942,"Foord, Richard"
1354,John,Milne,5329,"Milne, John"
1355,Harpreet,Uppal,5289,"Uppal, Harpreet"
1356,Ben,Obese-Jecty,5089,"Obese-Jecty, Ben"
1357,Sarah,Smith,5117,"Smith, Sarah"
1358,Jas,Athwal,5227,"Athwal, Jas"
1359,Martin,McCluskey,5129,"McCluskey, Martin"
1360,Angus,MacDonald,5362,"MacDonald, Angus"
1361,Jack,Abbott,5131,"Abbott, Jack"
1362,Joe,Robertson,5255,"Robertson, Joe"
1363,Richard,Quigley,5144,"Quigley, Richard"
1364,Joe,Powell,5229,"Powell, Joe"
1365,Rosie,Wrighting,5331,"Wrighting, Rosie"
1366,Lillian,Jones,5043,"Jones, Lillian"
1367,Anneliese,Midgley,5038,"Midgley, Anneliese"
1368,Sorcha-Lucy,Eastwood,5125,"Eastwood, Sorcha-Lucy"
1369,Katie,White,5260,"White, Katie"
1370,Mark,Sewards,5166,"Sewards, Mark"
1371,Shivani,Raja,5068,"Raja, Shivani"
1372,Shockat,Adam,5120,"Adam, Shockat"
1373,James,MacCleary,5265,"MacCleary, James"
1374,Calvin,Bailey,5054,"Bailey, Calvin"
1375,Dave,Robertson,5126,"Robertson, Dave"
1376,Hamish,Falconer,5148,"Falconer, Hamish"
1377,Gregor,Poynton,5167,"Poynton, Gregor"
1378,Jeevun,Sandher,5259,"Sandher, Jeevun"
1379,Jess,Asato,5156,"Asato, Jess"
1380,Tim,Roca,5287,"Roca, Tim"
1381,Joshua,Reynolds,5343,"Reynolds, Joshua"
1382,Josh,Simons,5060,"Simons, Josh"
1383,Steve,Yemm,5194,"Yemm, Steve"
1384,Brian,Mathew,5214,"Mathew, Brian"
1385,Henry,Tufnell,5121,"Tufnell, Henry"
1386,Blake,Stephenson,5100,"Stephenson, Blake"
1387,Andrew,Cooper,5195,"Cooper, Andrew"
1388,Jonathan,Davies,5256,"Davies, Jonathan"
1389,Vikki,Slade,5327,"Slade, Vikki"
1390,Susan,Murray,5157,"Murray, Susan"
1391,Peter,Bedford,5330,"Bedford, Peter"
1392,Alison,Bennett,5283,"Bennett, Alison"
1393,Cathal,Mallaghan,5153,"Mallaghan, Cathal"
1394,Luke,Myer,5147,"Myer, Luke"
1395,Kirsty,McNeill,5114,"McNeill, Kirsty"
1396,Emily,Darlington,5139,"Darlington, Emily"
1397,Chris,Curtis,5118,"Curtis, Chris"
1398,Catherine,Fookes,5291,"Fookes, Catherine"
1399,Steve,Witherden,5221,"Witherden, Steve"
1400,Graham,Leadbitter,5277,"Leadbitter, Graham"
1401,Lizzi,Collinge,5225,"Collinge, Lizzi"
1402,Torcuil,Crichton,5246,"Crichton, Torcuil"
1403,Lee,Dillon,5310,"Dillon, Lee"
1404,Adam,Jogee,5168,"Jogee, Adam"
1405,Dáire,Hughes,5292,"Hughes, Dáire"
1406,Martin,Wrigley,5111,"Wrigley, Martin"
1407,Alan,Strickland,5080,"Strickland, Alan"
1408,Jim,Allister,5356,"Allister, Jim"
1409,Irene,Campbell,5145,"Campbell, Irene"
1410,Ben,Maguire,5350,"Maguire, Ben"
1411,Ian,Roome,5138,"Roome, Ian"
1412,Alex,Easton,5262,"Easton, Alex"
1413,Luke,Akehurst,5112,"Akehurst, Luke"
1414,Louise,Jones,5258,"Jones, Louise"
1415,Alex,Brewer,5263,"Brewer, Alex"
1416,Chris,Hinchliff,5244,"Hinchliff, Chris"
1417,Ellie,Chowns,5249,"Chowns, Ellie"
1418,Steffan,Aquarone,5164,"Aquarone, Steffan"
1419,David,Smith,5218,"Smith, David"
1420,Sadik,Al-Hassan,5312,"Al-Hassan, Sadik"
1421,Rachel,Taylor,5065,"Taylor, Rachel"
1422,Sam,Carling,5308,"Carling, Sam"
1423,Amanda,Hack,5149,"Hack, Amanda"
1424,Lucy,Rigby,5333,"Rigby, Lucy"
1425,Mike,Reader,5316,"Reader, Mike"
1426,Alice,Macdonald,5133,"Macdonald, Alice"
1427,Jodie,Gosling,5036,"Gosling, Jodie"
1428,Jade,Botterill,5236,"Botterill, Jade"
1429,Alison,Taylor,5093,"Taylor, Alison"
1430,Johanna,Baxter,5063,"Baxter, Johanna"
1431,Miatta,Fahnbulleh,5099,"Fahnbulleh, Miatta"
1432,Jonathan,Hinder,5264,"Hinder, Jonathan"
1433,Marie,Tidball,5098,"Tidball, Marie"
1434,Markus,Campbell-Savours,5124,"Campbell-Savours, Markus"
1435,Andrew,Pakes,5243,"Pakes, Andrew"
1436,Fred,Thomas,5174,"Thomas, Fred"
1437,Neil,Duncan-Jordan,5359,"Duncan-Jordan, Neil"
1438,Amanda,Martin,5294,"Martin, Amanda"
1439,Georgia,Gould,5305,"Gould, Georgia"
1440,Olivia,Bailey,5337,"Bailey, Olivia"
1441,Chris,Bloore,5109,"Bloore, Chris"
1442,Rebecca,Paul,5297,"Paul, Rebecca"
1443,Maya,Ellis,5228,"Ellis, Maya"
1444,Paul,Waugh,5071,"Waugh, Paul"
1445,Lauren,Edwards,5298,"Edwards, Lauren"
1446,Andy,MacNae,5134,"MacNae, Andy"
1447,Jake,Richards,5082,"Richards, Jake"
1448,John,Slinger,5127,"Slinger, John"
1449,James,Naish,5047,"Naish, James"
1450,Michael,Shanks,4998,"Shanks, Michael"
1451,Alison,Hume,5254,"Hume, Alison"
1452,Keir,Mather,4993,"Mather, Keir"
1453,Abtisam,Mohamed,5142,"Mohamed, Abtisam"
1454,Michelle,Welsh,5226,"Welsh, Michelle"
1455,Anna,Dixon,5281,"Dixon, Anna"
1456,Julia,Buckley,5171,"Buckley, Julia"
1457,Kevin,McKenna,5300,"McKenna, Kevin"
1458,Gurinder,Josan,5059,"Josan, Gurinder"
1459,Neil,Shastri-Hurst,5197,"Shastri-Hurst, Neil"
1460,Robin,Swann,5319,"Swann, Robin"
1461,James,McMurdock,5361,"McMurdock, James"
1462,Pippa,Heylings,5078,"Heylings, Pippa"
1502,Shaun,Davies,5041,"Davies, Shaun"
1503,Cameron,Thomas,5354,"Thomas, Cameron"
1504,Claire,Young,5140,"Young, Claire"
1505,Jen,Craft,5056,"Craft, Jen"
1506,Antonia,Bance,5048,"Bance, Antonia"
1507,Rachel,Gilmour,5252,"Gilmour, Rachel"
1508,Steve,Darling,5066,"Darling, Steve"
1509,Jayne,Kirkham,5279,"Kirkham, Jayne"
1510,Mike,Martin,5219,"Martin, Mike"
1511,Steve,Tuckwell,4994,"Tuckwell, Steve"
1512,Danny,Beales,5339,"Beales, Danny"
1513,Kanishka,Narayan,5039,"Narayan, Kanishka"
1514,Simon,Lightwood,4943,"Lightwood, Simon"
1515,Sarah,Hall,5154,"Hall, Sarah"
1516,Matt,Turmaine,5130,"Turmaine, Matt"
1517,Adrian,Ramsay,5320,"Ramsay, Adrian"
1518,Katie,Lam,5285,"Lam, Katie"
1519,Gen,Kitchen,5011,"Kitchen, Gen"
1520,Andrew,Lewin,5061,"Lewin, Andrew"
1521,Sarah,Coombes,5088,"Coombes, Sarah"
1522,Edward,Morello,5326,"Morello, Edward"
1523,Douglas,McAllister,5057,"McAllister, Douglas"
1524,James,Asser,5211,"Asser, James"
1525,Nick,Timothy,5062,"Timothy, Nick"
1526,Daniel,Aldridge,5172,"Aldridge, Daniel"
1527,Josh,MacAlister,5033,"MacAlister, Josh"
1528,Paul,Kohler,5321,"Kohler, Paul"
1529,Danny,Chambers,5304,"Chambers, Danny"
1530,Jack,Rankin,5340,"Rankin, Jack"
1531,Matthew,Patrick,5162,"Patrick, Matthew"
1532,Charles,Maynard,5325,"Maynard, Charles"
1533,Will,Forster,5322,"Forster, Will"
1534,Clive,Jones,5207,"Jones, Clive"
1535,Sureena,Brackenridge,5152,"Brackenridge, Sureena"
1536,Warinder,Juss,5230,"Juss, Warinder"
1537,Tom,Collins,5087,"Collins, Tom"
1538,Michael,Wheeler,5242,"Wheeler, Michael"
1539,Beccy,Cooper,5307,"Cooper, Beccy"
1540,Andrew,Ranger,5046,"Ranger, Andrew"
1541,Adam,Dance,5191,"Dance, Adam"
1542,Llinos,Medi,5085,"Medi, Llinos"
1543,Luke,Charters,5199,"Charters, Luke"
1544,Hilton,Dawson,470,"Dawson, Hilton"
1194,Anum,Qaisar-Javed,4917,"Qaisar-Javed, Anum"
969,Janet Jessica,Daby,4698,"Daby, Janet Jessica"
478,Ruth Lorraine,Jones,4716,"Jones, Ruth Lorraine"
1545,Sarah Joanne,Pochin,5403,"Pochin, Sarah Joanne"
745,Christopher ,Elmore,4572,"Elmore, Christopher "
